venue,event_name,date,url
Last Pub,Norwich Jazz Jam,2026-09-28,https://lpsnorwich.co.uk/
Last Pub,Fifi G,2026-09-29,https://lpsnorwich.co.uk/
Last Pub,Haus of Brat,2026-09-30,https://lpsnorwich.co.uk/
Last Pub,Halloween Bash,2026-09-31,https://lpsnorwich.co.uk/
Reindeer,Folk Night,2026-10-01,https://www.facebook.com/p/The-Reindeer-Pub-Music-Entertainment-100093050854779/?locale=en_GB
Reindeer,Southbound,2026-10-02,https://www.facebook.com/p/The-Reindeer-Pub-Music-Entertainment-100093050854779/?locale=en_GB
Reindeer,The Devils Cadillac,2026-10-03,https://www.facebook.com/p/The-Reindeer-Pub-Music-Entertainment-100093050854779/?locale=en_GB
Reindeer,Sammy-Jo and the Redflames,2026-10-04,https://www.facebook.com/p/The-Reindeer-Pub-Music-Entertainment-100093050854779/?locale=en_GB
Reindeer,El Reno Open Mic,2026-10-06,https://www.facebook.com/p/The-Reindeer-Pub-Music-Entertainment-100093050854779/?locale=en_GB
Reindeer,Halo's Edge,2026-10-09,https://www.facebook.com/p/The-Reindeer-Pub-Music-Entertainment-100093050854779/?locale=en_GB
Reindeer,Rusty Metal,2026-10-10,https://www.facebook.com/p/The-Reindeer-Pub-Music-Entertainment-100093050854779/?locale=en_GB
Reindeer,Wyld Folk,2026-10-11,https://www.facebook.com/p/The-Reindeer-Pub-Music-Entertainment-100093050854779/?locale=en_GB
Reindeer,Folk Night,2026-10-15,https://www.facebook.com/p/The-Reindeer-Pub-Music-Entertainment-100093050854779/?locale=en_GB
Reindeer,Jade,2026-10-16,https://www.facebook.com/p/The-Reindeer-Pub-Music-Entertainment-100093050854779/?locale=en_GB
Reindeer,Cherry Bomb,2026-10-17,https://www.facebook.com/p/The-Reindeer-Pub-Music-Entertainment-100093050854779/?locale=en_GB
Reindeer,OffBeat Collective Soul Band,2026-10-18,https://www.facebook.com/p/The-Reindeer-Pub-Music-Entertainment-100093050854779/?locale=en_GB
Reindeer,El Reno Open Mic,2026-10-20,https://www.facebook.com/p/The-Reindeer-Pub-Music-Entertainment-100093050854779/?locale=en_GB
Reindeer,Night Train,2026-10-23,https://www.facebook.com/p/The-Reindeer-Pub-Music-Entertainment-100093050854779/?locale=en_GB
Above Kerry's,Goodlife Norwich,2026-10-23,https://www.eventbrite.com/e/goodlife-norwich-tickets-1998178750432?utm-campaign=social&utm-content=attendeeshare&utm-medium=discovery&utm-term=listing&utm-source=wsa&aff=ebdsshwebmobile
Reindeer,The Funky Stuff,2026-10-24,https://www.facebook.com/p/The-Reindeer-Pub-Music-Entertainment-100093050854779/?locale=en_GB
The Reindeer,Nikki and the Switchblades,2026-10-25,https://www.facebook.com/p/The-Reindeer-Pub-Music-Entertainment-100093050854779/
Reindeer,Penguins go Pop,2026-10-25,https://www.facebook.com/p/The-Reindeer-Pub-Music-Entertainment-100093050854779/?locale=en_GB
Reindeer,Fine City Blues,2026-10-29,https://www.facebook.com/p/The-Reindeer-Pub-Music-Entertainment-100093050854779/?locale=en_GB
The Reindeer,Mister Pink,2026-10-30,https://www.facebook.com/p/The-Reindeer-Pub-Music-Entertainment-100093050854779/
Reindeer,Boston Tea Party + Halloween Party,2026-10-31,https://www.facebook.com/p/The-Reindeer-Pub-Music-Entertainment-100093050854779/?locale=en_GB
The Reindeer,Fictus,2026-11-07,https://www.facebook.com/p/The-Reindeer-Pub-Music-Entertainment-100093050854779/
The Reindeer,Lithium,2026-11-13,https://www.facebook.com/p/The-Reindeer-Pub-Music-Entertainment-100093050854779/
