Jan 10th,Dead Wax,Stonehill Collective + Harry Ixer + Awize
Feb 9th,Dead Wax,Corncutter promotions present: Newberry & Verch
Feb 10th,Dead Wax,Hxc Gaza Charity Gig
Mar 9th,Dead Wax,Asinine Corp Presents: Sans Froid + Supports
Mar 10th,Dead Wax,Diving Deep with Bag of Cans & THEO SAYERS
May 9th,Dead Wax,sabaka promo: toil + supports
Jun 9th,Dead Wax,Concrete Vehicles + Slag Heap + Toast
Jul 9th,Dead Wax,The Sickos Secret Cinema
Aug 9th,Dead Wax,Johnny Foreigner + supports
Aug 21st,Dead Wax,George (Soul stew)
Aug 22nd,Dead Wax,three more tunes (dj)
Aug 22nd,Dead Wax,Know Your NME Clubnight
Aug 24th,Dead Wax,the sickos secret cinema
Aug 26th,Space,Space 5th Birthday - House Party
Aug 26th,Dead Wax,Soapy (dj Set)
Aug 28th,Dead Wax,George (soul Stew)
Aug 28th,Dead Wax,FREE monthly wax: Irked + BEN AULD BAND + the breedling
Aug 29th,Dead Wax,Bone Machine
Aug 30th,Dead Wax,One Love Presents: Carnival Special
Sep 2nd,Space,Jewellery Making + Drinks
Sep 3rd,Space,Lunavara Jam Night
Sep 4th,Space,Happy Neighbours + Support
Sep 4th,Space,Blindfold + Anna B Open to Close
Sep 5th,Space,Phreq
Sep 9th,Dead Wax,Deviated Instinct + BirdWitch + Dismara
Sep 10th,Space,The Space Comedy Night
Sep 10th,Dead Wax,Bitchn' Kitschn'
Sep 11th,Space,Narcolepsy + Support
Sep 11th,Space,All Things Jungle
Sep 12th,Space,Togetherness
Sep 14th,Dead Wax,The Sickos Secret Cinema
Sep 16th,Space,Norwich Art Expo
Sep 16th,Space,Clothes Swap
Sep 16th,Dead Wax,"Free Monthly Wax: Iceni Green, Alecs Delarge, Kasumu, Bertinho"
Sep 17th,Dead Wax,Dreamcast
Sep 18th,Space,Overview
Sep 18th,Dead Wax,Tadi the Great (dj Set)
Sep 19th,Space,Basement Sessions
Sep 20th,Dead Wax,EROTIC SECRETS OF POMPEII + Peer pleasure + Arthouse Horror + no.
Sep 21st,Revolucion de Cuba,Strictly Salsa Norwich
Sep 22nd,Dead Wax,PINN (ep release show) + SICKENER + KADE HATES ME
Sep 24th,Space,Harry Ixer + Support
Sep 24th,Space,Bookmark Making + Book Swap
Sep 24th,Dead Wax,Bone Machine (dj Set)
Sep 25th,Space,Space 5th Birthday - Sully + Support
Sep 25th,Waterfront,Rumble – Clash of the Titans
Sep 25th,Waterfront,Laura Aston
Sep 25th,Waterfront,Kerrang Revival Band
Sep 25th,Dead Wax,YTP Presents: Bind’s big hardcore show
Sep 26th,Gonzos,Sarah Story
Sep 26th,Holloway,Nagasaki Swim + Starter Car + Decent Wrestlers
Sep 26th,Epic,An Evening with Chicane
Sep 26th,Maddermarket,Chemistry - a tribute to Rush
Sep 26th,Arts Centre,HEARTBREAK: The Tom Petty Show
Sep 26th,Waterfront,G.a.g
Sep 26th,Waterfront,Erasured
Sep 26th,LCR,Party101
Sep 26th,Voodoos,Feeling Minnesota + Lara Price Band
Sep 26th,Dead Wax,Dead Wax Cosmic Disco
Sep 26th,Brickmakers,One drop vinyl selectors
Sep 26th,Brickmakers,Apriori - Crowley - Bright Black
Sep 26th,Brickmakers,Dead Horse
Sep 26th,The Halls,Emilio Santoro as Elvis
Sep 26th,Last Pub,Future Grooves
Sep 26th,Space,Space's 5th Birthday Party
Sep 27th,Holloway,La Tène (FR)
Sep 27th,Epic,Paul Merton and Suki Webster's Improv Show
Sep 27th,Maddermarket,Yourythmics
Sep 27th,Dead Wax,Big Time Open Mic
Sep 27th,Brickmakers,Porkys Hot Rockin
Sep 27th,Brickmakers,Fine City Strummers Ukulele Jam
Sep 28th,Dead Wax,The Sickos Secret Cinema
Sep 28th,Last Pub,Norwich Jazz Jam
Sep 29th,Arts Centre,Tone presents Claudio Constantini
Sep 29th,Voodoos,NEW NOISE! Lunavaria EP launch + Riya Lue & Niche
Sep 29th,Dead Wax,Sam Russo & the Trembling Leaves + Sophie Porter + James Hull
Sep 30th,Space,Ziggarettes + Support
Sep 30th,Epic,Round Midnight presents Mammal Hands
Sep 30th,Arts Centre,Round Midnight presents Mammal Hands @ EPIC Studios
Sep 30th,Arts Centre,Sam Kelly & The Lost Boys and Honey & The Bear
Sep 30th,Brickmakers,Norfolk Blues Society at the Brickmakers
Oct 1st,Epic,Creedence Clearwater Review - Cosmo's Factory Tour
Oct 1st,Maddermarket,The Upbeat Beatles
Oct 1st,Arts Centre,Ballads and Songs: Sam Carter sings Nic Jones
Oct 1st,Waterfront,Fletchr Fletchr
Oct 1st,Voodoos,Gaza Gig VII
Oct 1st,Brickmakers,Live n Unsigned
Oct 1st,Reindeer,Folk Night
Oct 2nd,Gonzos,Mozey
Oct 2nd,Holloway,Socks On Records presents: The Yee-Haws + Das Kapitans + Rudimentary Paste
Oct 2nd,Maddermarket,DS:UK...in Tribute to Dire Straits - ON anoTHEr NIGHT tour
Oct 2nd,Arts Centre,Takeda
Oct 2nd,Waterfront,Rhythm Of The 90s
Oct 2nd,Waterfront,Arkayla
Oct 2nd,Voodoos,"Pica pica, Pica pica! presents Gaffa Tape Sandy, really big really clever, Rats As Big As Dogs"
Oct 2nd,Brickmakers,After Thought Band
Oct 2nd,Reindeer,Southbound
Oct 3rd,Gonzos,Elliot Schooling & Liam Palmer (Appetite)
Oct 3rd,Waterfront,Propaganda Norwich
Oct 3rd,Waterfront,Toploader
Oct 3rd,Waterfront,The Total Stone Roses
Oct 3rd,LCR,Myles Smith
Oct 3rd,LCR,The Lemonheads
Oct 3rd,Voodoos,The Tubs + Spike & The Danphes
Oct 3rd,Brickmakers,Slayday Shredfest
Oct 3rd,The Reindeer,Devil's Cadillac
Oct 3rd,Reindeer,The Devils Cadillac
Oct 4th,Epic,Magnum
Oct 4th,Waterfront,The Five Hundred
Oct 4th,Reindeer,Sammy-Jo and the Redflames
Oct 6th,Holloway,Bayou + Soft Michel (FR) + Louis The King
Oct 6th,Voodoos,"Pica pica, Pica pica! presents Joe & The Shitboys + Mountain Peaks + Inner Dog"
Oct 6th,Reindeer,El Reno Open Mic
Oct 7th,Holloway,Scott Robert Gurney - 'Days of Dandelion' Book Launch + Q&A
Oct 7th,Arts Centre,The Reverend Peyton’s Big Damn Band
Oct 7th,Waterfront,(Hed) P.E. & Cold
Oct 7th,Waterfront,The Dunwells
Oct 7th,Brickmakers,The Psychedelic Circus
Oct 8th,Holloway,The Yummy Fur + Pete Fij (Ex Adorable)
Oct 8th,Epic,Wishbone Ash
Oct 8th,Waterfront,Omega Nebula
Oct 8th,LCR,Nothing But Thieves
Oct 8th,Voodoos,BLOOD WIZARD + Sickener & Twelve Atlas
Oct 8th,Brickmakers,Open  mic  night with Peter Turrell
Oct 9th,Gonzos,T>I The Residency w Kasra + Waeys + SMG
Oct 9th,Holloway,Wylt + Lone Mesa + Moochin
Oct 9th,Epic,Swiftogeddon - 20 years of Taylor special
Oct 9th,Waterfront,The Black Charade + Fell Out Boy
Oct 9th,Dead Wax,Corncutter Promotions Present: Dan Walsh
Oct 9th,Brickmakers,Jade uk
Oct 9th,The Reindeer,Halo's Edge
Oct 9th,Reindeer,Halo's Edge
Oct 10th,Gonzos,Delilah
Oct 10th,Holloway,The Asteroid No.4 (USA PSYCH) + Velveteen
Oct 10th,Epic,WAW Fightmare 8 (Matinee & Evening)
Oct 10th,Arts Centre,Cut Capers
Oct 10th,Waterfront,Hannah Wicklund
Oct 10th,Waterfront,Ferocious Dog
Oct 10th,LCR,Don Broco
Oct 10th,Voodoos,Gallus + The Sankaras
Oct 10th,Brickmakers,The Stereotypes
Oct 10th,Reindeer,Rusty Metal
Oct 11th,Holloway,DEAFKIDS (Brazil) + João Kombi (TEST) + MINCER
Oct 11th,Epic,Scott Bennett - Blood Sugar baby
Oct 11th,Arts Centre,Myles Sanko
Oct 11th,Waterfront,Walter Trout
Oct 11th,LCR,The Hu
Oct 11th,Voodoos,Girl Group
Oct 11th,Brickmakers,Black Dog  Music
Oct 11th,Reindeer,Wyld Folk
Oct 12th,Holloway,Thea Grant +  Reality + Trace Monument (dark/drone/ambient)
Oct 12th,Epic,Crash Test Dummies
Oct 12th,Dead Wax,Phage Records & Reaper Agency present: OAKENTHRONE
Oct 13th,Arts Centre,Thorpe Creative Hub presents Soundstage
Oct 13th,Voodoos,Theatre + SELL EVERYTHING
Oct 14th,Maddermarket,ADHD Unfiltered
Oct 14th,Waterfront,Hayseed Dixie
Oct 14th,LCR,Jamie T
Oct 14th,Voodoos,Li Jin Hao: Falling from a Moon
Oct 14th,Brickmakers,Black Dog  Music
Oct 15th,Holloway,Lucy Grubb & Luke James Williams (Co-Headline)
Oct 15th,Epic,The Undertones + Special Guests The Beat ft Ranking Jr
Oct 15th,Waterfront,Big Horizon
Oct 15th,Voodoos,John Craigie with special guest Jobi Riccio
Oct 15th,Reindeer,Folk Night
Oct 16th,Gonzos,Skream - Open to Close
Oct 16th,Holloway,Boombox presents Icarus Vision + Modern Motive + Hook
Oct 16th,Epic,The Anglia Comedy Allstars
Oct 16th,Arts Centre,Timba Británica
Oct 16th,Waterfront,Lady Leshurr
Oct 16th,Waterfront,The Luke Combs Experience
Oct 16th,Voodoos,"Demonhound Doomfest: Gurt + Sleeping Giant,  Famyne + more!"
Oct 16th,Dead Wax,Alternative Disco
Oct 16th,Brickmakers,Infernal Racket
Oct 16th,Reindeer,Jade
Oct 17th,Gonzos,Prozak - All Night Long
Oct 17th,Holloway,Green Diesel +  Joshua Arnold & Therine + Florence Rose Broomfield
Oct 17th,Epic,Inspires Greatest Show
Oct 17th,Epic,R&B Lovers
Oct 17th,Waterfront,Black Water County
Oct 17th,Waterfront,The Hoosiers
Oct 17th,Dead Wax,Clownsmasheverything + Project Mork + Amongst Strangers
Oct 17th,Brickmakers,Stars in Their Eyes Competition
Oct 17th,Reindeer,Cherry Bomb
Oct 18th,Holloway,Tiny Vipers (USA) + Chantal Acda (BE/NL) + astridDrift.
Oct 18th,Maddermarket,Baga Chipz: Bagz to Riches
Oct 18th,Waterfront,Lime Garden
Oct 18th,Waterfront,Skating Polly
Oct 18th,Brickmakers,Rusty Metal
Oct 18th,Brickmakers,Fine City Strummers Ukulele Jam
Oct 18th,Reindeer,OffBeat Collective Soul Band
Oct 19th,Waterfront,Heaven 17
Oct 20th,Holloway,Kelley Stoltz (USA) + Tracy Bryant + molto morbidi
Oct 20th,Epic,Keeping Abreast 'More than just Fashion' Show: The 10th Show
Oct 20th,Arts Centre,Jake Vaadeland & The Sturgeon River Boys
Oct 20th,Waterfront,Gurriers
Oct 20th,Voodoos,Voodoo Daddy’s Open Mic
Oct 20th,Dead Wax,"phage records & killtown present: ceremonial bloodbath, cryptworm, plagued"
Oct 20th,Reindeer,El Reno Open Mic
Oct 21st,Epic,Keeping Abreast 'More than just Fashion' Show: The 10th Show
Oct 21st,Arts Centre,Beth Orton
Oct 21st,Voodoos,Bel Cobain + Nayana Ab & Maya Law
Oct 22nd,Holloway,"BLAND - Bizarro’ Variety Presents John Osborne + Dan ""Magic"" + Adam Maric-Cleaver + Nancy Dunnell"
Oct 22nd,Arts Centre,Ezra Furman @ The Halls
Oct 22nd,Voodoos,King No-One
Oct 22nd,Brickmakers,Blaze Bayley
Oct 23rd,Holloway,ReWork: Nina Simone
Oct 23rd,Epic,UK Foo Fighters
Oct 23rd,Maddermarket,The Fleetwood Mac Songbook
Oct 23rd,Arts Centre,Brown Horse
Oct 23rd,Waterfront,Duke Special
Oct 23rd,Brickmakers,Wiggy Stardust and the Ciders from Jars
Oct 23rd,Reindeer,Night Train
Oct 23rd,Above Kerry's,Goodlife Norwich
Oct 24th,Holloway,Pina Palau (CH) + Lou Terry (Solo) + yer blooze
Oct 24th,Epic,Transvision Vamp
Oct 24th,Arts Centre,The 50th Anniversary Of Punk In The East
Oct 24th,Waterfront,Huey Morgan
Oct 24th,LCR,The Wonder Stuff & Inspiral Carpets
Oct 24th,Voodoos,"Flint Moore + Dog At The Opera, Liv Lee"
Oct 24th,Brickmakers,Cydonia Knights - Muse Tribute
Oct 24th,Reindeer,The Funky Stuff
Oct 25th,Epic,Two Mr Ps in a Podcast: Live - Let That Be A Lesson...
Oct 25th,Maddermarket,Je Suis Swing!
Oct 25th,Brickmakers,Skaface UK
Oct 25th,Brickmakers,Sing it your way KARAOKE
Oct 25th,The Reindeer,Nikki and the Switchblades
Oct 25th,Reindeer,Penguins go Pop
Oct 27th,Epic,Neon Moon FREAKSHOW
Oct 27th,Arts Centre,Round Midnight presents Jasmine Myra
Oct 27th,Voodoos,"The Jump Cuts + Hard Country, Gavin Bowers"
Oct 27th,Dead Wax,ytp presents: Stormo + Believe In Nothing + Pigg + Vermin
Oct 28th,Arts Centre,Dallahan
Oct 28th,LCR,Norwich Book Festival: Paul Sexton
Oct 28th,Voodoos,"Collapse The Sky + Karybdis, Skinchanger"
Oct 28th,Brickmakers,Adam and the Hellcats
Oct 28th,Brickmakers,Paul Quinn
Oct 29th,Holloway,Hey Colossus + Savak + The Breedling
Oct 29th,Epic,THIS FLIGHT TONIGHT: The Songs of Joni Mitchell
Oct 29th,Arts Centre,Lol Tolhurst
Oct 29th,Waterfront,Captain Accident and the Disasters
Oct 29th,Voodoos,Hippie Death Cult + Okay you win & Commoner
Oct 29th,Dead Wax,Lust for Life Productions: San Vito Ryder + Fabergé Falls + Toast
Oct 29th,Brickmakers,Open  mic  night with Peter Turrell
Oct 29th,Reindeer,Fine City Blues
Oct 30th,Gonzos,Skalah & Capo Lee - Halloween Special w Wheel Up
Oct 30th,Holloway,Gnoomes + Yufo + Blue Cinema
Oct 30th,Epic,Gentleman's Dub Club - 20th Anniversary Tour
Oct 30th,Waterfront,Forever Nu!
Oct 30th,Waterfront,Pam’s House Halloween
Oct 30th,Voodoos,Pet Needs + Keep Flying & So Good
Oct 30th,Brickmakers,Beautiful Dangerous
Oct 30th,Hangar,Norwich: Red Card Comedy Club Presents: Jeff Innocent & Friends
Oct 30th,The Reindeer,Mister Pink
Oct 30th,Reindeer,Mister Pink
Oct 31st,Gonzos,Halloween
Oct 31st,Arts Centre,Bloghaus of Horrors – Halloween Special
Oct 31st,Waterfront,G.A.G – Halloween
Oct 31st,Waterfront,Nightmare On King Street
Oct 31st,Voodoos,Asinine Halloween #4 – Eahc Edition
Oct 31st,Brickmakers,Popestars - A Tribute To Ghost with BYOB - SOAD tr
Oct 31st,Reindeer,Boston Tea Party + Halloween Party
Nov 1st,Holloway,Les Caravanes - Travelling Folk Club + Supports
Nov 1st,Epic,The Jury Experience: Death of Port Side
Nov 1st,Waterfront,Will Wilde
Nov 1st,Brickmakers,After Thought Band
Nov 3rd,Arts Centre,Gently Tender
Nov 4th,Holloway,Kitty Perrin + Pamela Anderson Radio Show
Nov 4th,Waterfront,Breed 77
Nov 4th,LCR,Deaf Havana
Nov 4th,Brickmakers,Live n Unsigned
Nov 5th,Holloway,Firestations + Minor Poets + more!
Nov 5th,Epic,"Josh Pugh: Ha Ha, Yeah Sound"
Nov 5th,Arts Centre,PONY UP presents Dogshow
Nov 5th,Waterfront,Orgy
Nov 6th,Gonzos,"Rupture 20th Anniversary w Mantra, Double O & Digital"
Nov 6th,Holloway,Wendy Eisenberg (USA) + e.m.arson + Patsy Delve
Nov 6th,Arts Centre,Floral Image & The Heavenly Bodes
Nov 6th,Waterfront,Mad Dog Mcrea
Nov 6th,Voodoos,Sego + PALM & Oscar November
Nov 6th,Brickmakers,Generation 29
Nov 7th,Gonzos,La La
Nov 7th,Holloway,O My Stars presents Colin Miller (USA)
Nov 7th,Arts Centre,The Hanging Stars
Nov 7th,Waterfront,Chloe Slater
Nov 7th,Waterfront,Republica
Nov 7th,Voodoos,"Canned Pineapple + The Bungees, Decent Wrestlers"
Nov 7th,Brickmakers,Nr Ska
Nov 7th,The Reindeer,Fictus
Nov 8th,Epic,Maisie Adam: Whatsherface | SOLD OUT
Nov 8th,Waterfront,Joshua Idehen
Nov 8th,Waterfront,Rosalie Cunningham
Nov 8th,Brickmakers,Addictive Mix
Nov 8th,Brickmakers,Sing it your way KARAOKE
Nov 9th,Voodoos,"Pica pica, Pica pica! presents ĠENN + support TBA"
Nov 9th,Dead Wax,Chrome (DJ SET)
Nov 9th,Dead Wax,Wheel Up presents: New Gen round 2 (open Mic & cypher)
Nov 10th,Arts Centre,Ugly
Nov 10th,Waterfront,Ashley Singh
Nov 10th,LCR,Del Amitri
Nov 10th,Voodoos,Keg + Other Half
Nov 11th,Epic,Round Midnight: Shabaka plus support
Nov 11th,Arts Centre,Shabaka @ EPIC Studios
Nov 11th,Voodoos,Machukha with Healing Wound + Acceptance
Nov 11th,Brickmakers,Black Dog  Music
Nov 12th,Holloway,J. Zunz (Lorelle Meets The Obsolete) + Domenica Diavoleria + danmo
Nov 12th,Epic,Epic Darts 2026 - November 12th - CANCELLED
Nov 12th,Arts Centre,Gary Stewart’s Graceland
Nov 12th,Waterfront,Young Knives
Nov 12th,Voodoos,Dermot Henry Plus Special Guests
Nov 12th,Dead Wax,"Girls, Gays & Theys Ft Glitter & Gloom Djs"
Nov 12th,Brickmakers,Open  mic  night with Peter Turrell
Nov 13th,Holloway,Norm’s present: The Gourds + Discord Disco + more!
Nov 13th,Epic,Dutty Moonshine Big Band's Second Distillation UK Tour
Nov 13th,Arts Centre,PONY UP presents Damp Matches
Nov 13th,Waterfront,Nieve Ella
Nov 13th,Waterfront,The Zac Schulze Gang
Nov 13th,LCR,Dizzee Rascal
Nov 13th,Voodoos,Electric Eel Shock
Nov 13th,Dead Wax,The Cain Pit W/ East Town Pirates
Nov 13th,Brickmakers,Rattus Inheritus
Nov 13th,The Reindeer,Lithium
Nov 14th,Holloway,Sonic Cathedral presents The Early Years + Sennen + Allies of Ferns
Nov 14th,Arts Centre,Daddy G (The Wild Bunch / Massive Attack) DJ
Nov 14th,Waterfront,Deptford Northern Soul Club
Nov 14th,Waterfront,Dutch & Graft (The Manor)
Nov 14th,Voodoos,The Rabbitts
Nov 14th,Brickmakers,(Not The Story) ...Morning Glory?
Nov 14th,Hangar,Indoors & Heated: Fish56octagon - Norwich - Day Party -
Nov 15th,Holloway,No Peeling + Garden Centre + Shelf Life (Matinee Show)
Nov 15th,Epic,Martin McAloon of Prefab Sprout
Nov 15th,Waterfront,Kid Kapichi
Nov 15th,Waterfront,Hail The Sun
Nov 15th,Voodoos,The North
Nov 15th,Brickmakers,Soul Bags
Nov 16th,LCR,Little Angels
Nov 17th,Arts Centre,Mississippi Records presents: A People’s History of Music
Nov 17th,Waterfront,The Commoners
Nov 17th,LCR,Shed Seven
Nov 18th,Holloway,Scott Lavene - Acoustic Songs & Stories Tour
Nov 18th,Arts Centre,Martin Harley
Nov 18th,Voodoos,Red Richardson
Nov 19th,Epic,Daniel O'Reilly: Let's Have It
Nov 19th,Waterfront,Hang Massive
Nov 19th,Brickmakers,Acid reign and Regicide
Nov 20th,Holloway,Katz Mulk + Germ Lattice + Phil Julian
Nov 20th,Arts Centre,Stone Foundation
Nov 20th,Waterfront,The High Points
Nov 20th,Waterfront,Ricky Warwick & The Fighting Hearts
Nov 20th,Brickmakers,Rawkas
Nov 21st,Gonzos,Olive F
Nov 21st,Holloway,Shaki Tavi (LA Grunge/Shoegaze) + Twelve Atlas
Nov 21st,Maddermarket,Intellectual Hooligans
Nov 21st,Waterfront,Skids + Theatre of Hate (co-headline)
Nov 21st,Waterfront,Portrayal Of Guilt
Nov 21st,The Halls,Songs of the Wild: Sam Lee
Nov 22nd,Epic,An Intimate Evening with Trevor Horn
Nov 22nd,Waterfront,Good Health Good Wealth
Nov 22nd,Brickmakers,Maiden Anglia - A Tribute To Iron Maiden
Nov 23rd,LCR,Getdown Services
Nov 24th,Epic,Round Midnight presents corto.alto
Nov 24th,Arts Centre,corto.alto @ EPIC Studios
Nov 24th,Arts Centre,PONY UP presents COWBOYY
Nov 24th,Waterfront,Reverend & The Makers
Nov 24th,Voodoos,Parviz + Wiffeney
Nov 25th,LCR,The Boys Are Back Again – East 17
Nov 25th,Voodoos,The Love Buzz + Jean Pack & A Pile Fabric Primer
Nov 25th,Brickmakers,Norfolk Blues Society at the Brickmakers
Nov 26th,Epic,The Ogretones
Nov 26th,Waterfront,Parker Barrow
Nov 26th,Brickmakers,Hook -farewell show
Nov 26th,Brickmakers,Open  mic  night with Peter Turrell
Nov 27th,Gonzos,Soul Mass Transit System - All Night Long
Nov 27th,Holloway,Charlie Smith + TINY giant + Retro Firefly + Ewan Martin
Nov 27th,Epic,Martin Kemp - Back to the 80s
Nov 27th,Maddermarket,The Dusty Show
Nov 27th,Arts Centre,An Evening with The Magic Numbers
Nov 27th,Waterfront,London Calling Play The Clash
Nov 27th,Waterfront,Discharge
Nov 27th,LCR,Avatar
Nov 27th,Brickmakers,Future Radio-Sounds of Norwich
Nov 27th,Brickmakers,Decades Apart
Nov 27th,Hangar,Norwich: Red Card Comedy Club Presents: Stephen K Amos & Friends
Nov 28th,Epic,Big Fish Little Fish - Norwich Family Rave Xmas Special (2 Bad Mice)
Nov 28th,Epic,Groove Armada DJ Set + Support
Nov 28th,Arts Centre,These Wicked Rivers
Nov 28th,Waterfront,Atlas&i
Nov 28th,Waterfront,Uncle Acid And The Deadbeats
Nov 28th,Voodoos,Magnolia (Adam’s Farewell Show) + Wazlo & Troilus
Nov 28th,Brickmakers,Punk Up City 2 at B2
Nov 28th,Brickmakers,Thin Lizzish
Nov 28th,The Halls,R&B Orchestra Live
Nov 29th,LCR,The Snuts
Nov 30th,Waterfront,The Temperance Movement
Dec 1st,Arts Centre,Tom Moore Quartet
Dec 2nd,Waterfront,Sevendust
Dec 3rd,Epic,The Wildhearts
Dec 3rd,Arts Centre,The Allergies (Live)
Dec 3rd,Waterfront,Cinema Stereo
Dec 3rd,Brickmakers,The Blue Lion Band
Dec 4th,Holloway,Citizen Smith + Stones Throw
Dec 4th,Arts Centre,Beans on Toast
Dec 4th,Waterfront,Dr. Feelgood
Dec 4th,Waterfront,MacBusted
Dec 4th,LCR,The Hunna
Dec 4th,Voodoos,Myopia + A Different Kitchen & Crying In Colour
Dec 4th,Brickmakers,Nirvanher With Hell is in Chains
Dec 5th,Arts Centre,The Electric Swing Circus
Dec 5th,Waterfront,The Bon Jovi Experience + Mötley Crüe tribute ‘Motley Crude’
Dec 5th,Waterfront,The Entitled Sons
Dec 5th,LCR,Ash
Dec 5th,Voodoos,Dad Manners
Dec 5th,Brickmakers,Henry Cluney's XSLF + The Punktures + Beef & Onion
Dec 5th,Brickmakers,Dirty Havana
Dec 5th,Hangar,Norwich: Pat Sharp's Fun House Xmas Special - Indoors & Heated | 5th Dec
Dec 6th,Waterfront,The Fell
Dec 6th,Brickmakers,Southbound
Dec 9th,Dead Wax,polyjamorous
Dec 9th,Brickmakers,Black Dog  Music
Dec 10th,Epic,Artful Dodger
Dec 10th,Arts Centre,Round Midnight presents Ancient Infinity Orchestra
Dec 10th,Voodoos,UNSIGNED Live 2
Dec 10th,Brickmakers,Open Mic with Peter T
Dec 11th,Gonzos,A.M.C Grassroots Energy: Norwich
Dec 11th,Waterfront,Wednesday 13 + The Birthday Massacre
Dec 11th,Waterfront,ZZ TOPPD ‘The UK’s No.1 Tribute To ZZ Top’
Dec 11th,Dead Wax,"BLAND - Bizarro’ Variety Presents: Bradley Taylor, Maxine Meixner, Abbie Neale, & Squat Lobster"
Dec 11th,Brickmakers,The Pogue Traders
Dec 11th,Revolucion de Cuba,Mambo Kings
Dec 12th,Epic,Heart Club Classics: The Christmas Bash with Toby Anstis
Dec 12th,Waterfront,Sham 69 ‘50th Anniversary’
Dec 12th,LCR,Belle & Sebastian
Dec 12th,Brickmakers,Rattlesnakes - Regional One - Chaos Principal
Dec 12th,Brickmakers,Skatopia
Dec 12th,Hangar,Bank Holiday 'Fiesta' w The Cuban Brothers - Sunday 30th August
Dec 13th,Holloway,Holloway Xmas Zine Fayre
Dec 13th,Voodoos,Annotations Of An Autopsy
Dec 13th,Brickmakers,Sing it your way KARAOKE
Dec 14th,Epic,The Unthanks In Winter
Dec 14th,Arts Centre,The Unthanks In Winter at EPIC Studios
Dec 16th,Arts Centre,Round Midnight presents Laura Misch
Dec 16th,Brickmakers,The Psychedelic Circus
Dec 17th,Epic,Massaoke Christmas!
Dec 17th,Arts Centre,Tone presents Jordan Smart
Dec 17th,The Halls,An Evening of Dickens - A Christmas Carol
Dec 18th,Holloway,Intruder + Bloodkreig + Rate Of Decay
Dec 18th,Epic,"Too Much Too Young - A Night of 2 Tone, Ska and Beyond"
Dec 18th,Arts Centre,The Anna Mudeka Band
Dec 18th,Waterfront,The 9075 – The World’s First Tribute To The 1975
Dec 18th,Waterfront,The 900 – Tony Hawk’s Pro Skater Cover Band
Dec 18th,Voodoos,"Pilot the dune + Master charger, Erronaut"
Dec 18th,Brickmakers,Counterfeit Brits
Dec 18th,The Halls,A Country Night in Nashville
Dec 18th,Revolucion de Cuba,Tuto Tribe!
Dec 19th,Arts Centre,ReWork Christmas presents Bag of Cans
Dec 19th,Waterfront,PleasureInc.
Dec 19th,LCR,Day Fever
Dec 19th,Brickmakers,Xmas Rox Off
Dec 24th,Brickmakers,Beautiful Dangerous
Dec 27th,Brickmakers,"Tba, Uridium, Bloodshot, Atarka, Goat Monsoon, Psy"
Dec 28th,Brickmakers,Ska Souls
Dec 31st,Arts Centre,Channel One Sound System
Dec 31st,Brickmakers,Wiggy Stardust and the Ciders from Jars
Jan 3rd,LCR,The Gig List Book – The Waterfront
Jan 3rd,Brickmakers,Norfolk Blues Society at the Brickmakers
Jan 10th,Brickmakers,Sing it your way KARAOKE
Jan 14th,Arts Centre,The Pink Stones
Jan 14th,Brickmakers,Open  mic  night with Peter Turrell
Jan 16th,Waterfront,R.E.M By Stipe – The Definitive Tribute
Jan 21st,Voodoos,PERRL Presents: CHUCK RAGAN Plus Special Guests
Jan 22nd,LCR,Alestorm
Jan 23rd,Epic,The Jury Experience: Death of Port Side
Jan 25th,Holloway,(IVW) Seamus Fogarty + Support
Jan 26th,Arts Centre,PONY UP presents The New Cut
Jan 27th,Brickmakers,Norfolk Blues Society at the Brickmakers
Jan 28th,LCR,Fat Dog
Jan 28th,Brickmakers,Open  mic  night with Peter Turrell
Jan 29th,Brickmakers,Chemistry - A Tribute to Rush
Jan 30th,Holloway,(IVW) MPTL Microplastics + supports
Jan 30th,Epic,The Anglia Comedy Allstars - January 2027
Jan 30th,Arts Centre,Pigeon
Jan 30th,Waterfront,Simulation Muse + Sucker Love
Jan 30th,Waterfront,Noasis
Feb 2nd,Epic,"Tangerine Dream: ""Level"" Tour 2027"
Feb 3rd,Arts Centre,PONY UP presents knitting
Feb 3rd,LCR,Black Stone Cherry
Feb 4th,Epic,Robben Ford
Feb 5th,Arts Centre,Tone presents Mercy Girl
Feb 6th,Waterfront,Bywater Call
Feb 7th,Waterfront,Admt
Feb 8th,Waterfront,Esprit D’Air
Feb 9th,Arts Centre,Eliza Carthy & The Restitution
Feb 11th,Brickmakers,Open  mic  night with Peter Turrell
Feb 12th,Maddermarket,Forever Clapton - Unplugged
Feb 12th,Brickmakers,ADTR - A Day to Remember UK
Feb 13th,Epic,Sophie McCartney - Back in the Day Rave
Feb 13th,Maddermarket,Women In Rock
Feb 13th,Waterfront,The Karma Effect
Feb 13th,Waterfront,The Devout
Feb 14th,Holloway,Old Saw (Henry Birdsey) + Michael Ridge + Feld
Feb 14th,Voodoos,Big Truck
Feb 16th,Arts Centre,Hayden Thorpe performs the songs of Wild Beasts
Feb 17th,LCR,Basement
Feb 18th,Epic,Maisie Adam: Whatsherface
Feb 18th,Arts Centre,The Bones of J.R. Jones
Feb 18th,Waterfront,As Everything Unfolds
Feb 19th,Waterfront,Beux Gris Gris & The Apocalypse
Feb 19th,LCR,South Arcade
Feb 19th,Brickmakers,Power Promotions Present...  @the Brickmaker
Feb 20th,Epic,Absolute Bowie
Feb 21st,Waterfront,Ben Poole
Feb 21st,Voodoos,Maquina.
Feb 22nd,Waterfront,Scarlet Rebels
Feb 23rd,Arts Centre,Joan As Police Woman
Feb 23rd,Waterfront,Florence Black
Feb 24th,Brickmakers,Norfolk Blues Society at the Brickmakers
Feb 25th,Voodoos,Dog Unit
Feb 25th,Brickmakers,Open  mic  night with Peter Turrell
Feb 26th,Epic,The Rasmus + Support
Feb 27th,Epic,Rob Lamberti presents Perfectly George
Feb 27th,Waterfront,The Doors Alive
Feb 27th,Brickmakers,Bootleg Boss
Mar 2nd,Waterfront,Mad Caddies
Mar 5th,Waterfront,The Blockheads
Mar 7th,Waterfront,Nouvelle Vague
Mar 10th,Epic,An Evening with Nik Kershaw: Musings and Lyrics
Mar 10th,Arts Centre,Round Midnight presents Matt Carmichael
Mar 10th,Brickmakers,Black Dog  Music
Mar 11th,Waterfront,The View
Mar 11th,LCR,The Fratellis
Mar 11th,Brickmakers,Open  mic  night with Peter Turrell
Mar 12th,Voodoos,Rowena Wise
Mar 13th,Arts Centre,The Howlers
Mar 13th,Waterfront,Laurence Jones
Mar 13th,Waterfront,Just Radiohead
Mar 14th,Waterfront,Dan Croll
Mar 17th,Waterfront,Sofy
Mar 18th,Epic,UK Pink Floyd Experience
Mar 19th,The Halls,The Fleetwood Mac Songbook
Mar 20th,Waterfront,The Specials Ltd
Mar 20th,LCR,Indiepalooza Festival
Mar 21st,Waterfront,Henge
Mar 23rd,Voodoos,Toria Wooff
Mar 24th,Epic,Rachel Parris: The Rachel Parris Songbook
Mar 24th,Brickmakers,The Psychedelic Circus
Mar 25th,Brickmakers,Open  mic  night with Peter Turrell
Mar 26th,Holloway,An Evening With Vikki Clayton
Mar 31st,Brickmakers,Norfolk Blues Society at the Brickmakers
Apr 1st,Waterfront,The Lilacs
Apr 2nd,LCR,Sleeper
Apr 6th,Arts Centre,Jazz Sabbath
Apr 9th,Waterfront,Martin Stephenson & The Daintees
Apr 9th,Brickmakers,Motorheadache
Apr 12th,LCR,Gabrielle
Apr 14th,Arts Centre,Flook
Apr 15th,Waterfront,UK Subs
Apr 16th,Maddermarket,"Voodoo Room: A Night of Hendrix, Clapton and Cream"
Apr 16th,Arts Centre,The Cain Pit
Apr 17th,Maddermarket,The UK Bee Gees
Apr 21st,Epic,Scott Bennett - Stuff
Apr 23rd,Arts Centre,First Time Flyers
Apr 24th,Arts Centre,Ibibio Sound Machine
Apr 24th,Waterfront,Downloaded
Apr 30th,Waterfront,Extc
May 1st,Epic,The Makings of a Murderer - Fatal Mistake
May 6th,Epic,Spoke presents Hollie McNish
May 7th,Epic,An Acoustic Evening with Ward Thomas
May 7th,Arts Centre,Warrington Runcorn New Town Development Plan
May 14th,Epic,Emo Fest
May 15th,Epic,The Eminem Experience - May 2027
May 15th,Waterfront,Ultimate Coldplay
May 16th,Epic,Lindisfarne
May 20th,Epic,Thomas Green
May 21st,Epic,The Tumbling Paddies
May 21st,Waterfront,Bruce Foxton
May 21st,Brickmakers,Mosh Spice
May 22nd,Epic,Deirdre O'Kane: All The Rage
May 27th,Epic,Ed Byrne: No Dramas
May 28th,Epic,Tom Meighan - The Original Voice of Kasabian
May 29th,Waterfront,The Smyths
Jun 11th,Epic,The Beat ft Ranking Jr
Jun 12th,Epic,Man In The Mirror – A Tribute To Michael Jackson - 2027
Jun 25th,Epic,"John Lydon - I Could Be Wrong, I Could Be Right"
Jun 27th,Maddermarket,Tom Glover - Did you watch that reel I sent you?
Jul 10th,Maddermarket,The Ultimate Commitments and Blues Brothers
Jul 23rd,Arts Centre,Bootleg Blondie
Sep 19th,Maddermarket,Legends of Motown
Oct 29th,Waterfront,The Ruts
